id;first_name;last_name;identification_number;designation
1;Eriberto;O'Reilly;New York tangible Mississippi;Frozen bus
2;Noemi;Reichert;Robust Networked;Poland
3;Hester;Brown;partnerships;Outdoors
4;Lou;Krajcik;Montana;Corporate Phased relationships
5;Nicolas;Doyle;Brand;neutral Salad
6;Toby;Mueller;modular Refined Squares;maroon
7;Simone;Tillman;projection Fresh;support Gorgeous
8;Danny;O'Connell;Jewelery cutting-edge;Games
9;Johnathon;Lesch;Bedfordshire Bahamian Dollar;24/7
10;Twila;Cummings;sky blue;Kenyan Shilling robust
